<?xml version = '1.0' encoding = 'UTF-8'?>
<Relation class="oracle.dbtools.crest.model.design.logical.Relation" name="Relation_1" directorySegmentName="seg_0" id="42397E2D-A975-B23B-315C-68FABB88F46F">
<createdBy>logonrmlocal</createdBy>
<createdTime>2020-03-09 14:24:21 UTC</createdTime>
<ownerDesignName>Aula0903</ownerDesignName>
<engineerTo>
<item key="0FA25F4C-42B8-D907-FC61-9AB16911B6F7" value="true"/>
</engineerTo>
<sourcePk>27316440-7675-9E67-C9A4-B92FB8A8DBD5</sourcePk>
<identifying>false</identifying>
<optionalSource>true</optionalSource>
<optionalTarget>false</optionalTarget>
<sourceCardinality>1</sourceCardinality>
<sourceEntity>431F28AB-4EB5-90EF-00FA-A01A9FBD23CC</sourceEntity>
<targetCardinalityString>*</targetCardinalityString>
<targetEntity>7575C88C-71A8-42C0-177C-7BBD7771689E</targetEntity>
<transferable>true</transferable>
<deleteRule>NO ACTION</deleteRule>
</Relation>