<?xml version = '1.0' encoding = 'UTF-8'?>
<Diagram class="oracle.dbtools.crest.swingui.logical.DPVLogical" name="Logical" id="2C482E8B-FFA1-F6CD-EF42-B1691A98132D">
<createdBy>logonrmlocal</createdBy>
<modifiedBy>logonrmlocal</modifiedBy>
<createdTime>2020-03-09 14:08:56 UTC</createdTime>
<autoRoute>false</autoRoute>
<boxInbox>true</boxInbox>
<showLegend>false</showLegend>
<showLabels>false</showLabels>
<showRelAttributes>false</showRelAttributes>
<gridEnabled>false</gridEnabled>
<showGrid>false</showGrid>
<diagramColor>-1</diagramColor>
<display>false</display>
<notation>1</notation>
<objectViews>
<OView class="oracle.dbtools.crest.swingui.logical.TVEntity" oid="431F28AB-4EB5-90EF-00FA-A01A9FBD23CC" otype="Entity" vid="F98B7406-DE47-7C76-6688-1D8063D5DA10">
<hideElementsInCurrentOnly>false</hideElementsInCurrentOnly>
<bounds x="233" y="58" width="141" height="84"/>
</OView>
<OView class="oracle.dbtools.crest.swingui.logical.TVEntity" oid="7575C88C-71A8-42C0-177C-7BBD7771689E" otype="Entity" vid="4A8B8E06-F5FB-6B70-1C5E-2D2173643A87">
<hideElementsInCurrentOnly>false</hideElementsInCurrentOnly>
<bounds x="42" y="56" width="136" height="84"/>
</OView>
</objectViews>
<connectors>
<Connector class="oracle.dbtools.crest.swingui.logical.TVRelation" oid="42397E2D-A975-B23B-315C-68FABB88F46F" otype="Relation" vid_source="F98B7406-DE47-7C76-6688-1D8063D5DA10" vid_target="4A8B8E06-F5FB-6B70-1C5E-2D2173643A87">
<hideElementsInCurrentOnly>false</hideElementsInCurrentOnly>
<backgroundColor>-16777216</backgroundColor>
<lineWidth>1</lineWidth>
<points>
<point x="233" y="99"/>
<point x="178" y="99"/>
</points>
</Connector>
</connectors>
</Diagram>