<?xml version = '1.0' encoding = 'UTF-8'?>
<relationalModel class="oracle.dbtools.crest.model.design.relational.RelationalDesign" name="Relational_1" id="0FA25F4C-42B8-D907-FC61-9AB16911B6F7" mainViewID="03492A17-01AD-7282-6545-D41011EEDD09">
<createdBy>logonrmlocal</createdBy>
<createdTime>2020-03-09 14:09:44 UTC</createdTime>
<ownerDesignName>Aula0903</ownerDesignName>
<shouldBeOpen>false</shouldBeOpen>
<selectedRDBMSSite>32076570-2523-435C-2E92-BF29817DFF70</selectedRDBMSSite>
</relationalModel>