<?xml version = '1.0' encoding = 'UTF-8'?>
<Entity class="oracle.dbtools.crest.model.design.logical.Entity" directorySegmentName="seg_0" id="431F28AB-4EB5-90EF-00FA-A01A9FBD23CC" name="Departamentos">
<createdBy>logonrmlocal</createdBy>
<createdTime>2020-03-09 14:19:28 UTC</createdTime>
<ownerDesignName>Aula0903</ownerDesignName>
<engineerTo>
<item key="0FA25F4C-42B8-D907-FC61-9AB16911B6F7" value="true"/>
</engineerTo>
<adequatelyNormalized>NO</adequatelyNormalized>
<expectedVolumes>0</expectedVolumes>
<fwdEngineeringStrategyName>Single Table</fwdEngineeringStrategyName>
<growthPercent>0</growthPercent>
<growthType>Year</growthType>
<maxVolumes>9999999</maxVolumes>
<minVolumes>0</minVolumes>
<normalForm>Third</normalForm>
<attributes itemClass="oracle.dbtools.crest.model.design.logical.Attribute">
<Attribute name="cod_depto" id="DC7EE2BC-EBC4-7423-76C4-2A579E9469E0">
<createdBy>logonrmlocal</createdBy>
<createdTime>2020-03-09 14:19:52 UTC</createdTime>
<ownerDesignName>Aula0903</ownerDesignName>
<engineerTo>
<item key="0FA25F4C-42B8-D907-FC61-9AB16911B6F7" value="true"/>
</engineerTo>
<use>0</use>
<ownDataTypeParameters>,,</ownDataTypeParameters>
</Attribute>
<Attribute name="nome" id="E48D4E39-8116-13F6-AD08-FC545FBB3315">
<createdBy>logonrmlocal</createdBy>
<createdTime>2020-03-09 14:20:11 UTC</createdTime>
<ownerDesignName>Aula0903</ownerDesignName>
<engineerTo>
<item key="0FA25F4C-42B8-D907-FC61-9AB16911B6F7" value="true"/>
</engineerTo>
<use>0</use>
<ownDataTypeParameters>,,</ownDataTypeParameters>
</Attribute>
</attributes>
<identifiers itemClass="oracle.dbtools.crest.model.design.logical.CandidateKey">
<identifier id="27316440-7675-9E67-C9A4-B92FB8A8DBD5" name="Departamentos PK">
<createdBy>logonrmlocal</createdBy>
<createdTime>2020-03-09 14:20:01 UTC</createdTime>
<ownerDesignName>Aula0903</ownerDesignName>
<engineerTo>
<item key="0FA25F4C-42B8-D907-FC61-9AB16911B6F7" value="true"/>
</engineerTo>
<pk>true</pk>
<usedAttributes>
<attributeRef>DC7EE2BC-EBC4-7423-76C4-2A579E9469E0</attributeRef>
</usedAttributes>
</identifier>
</identifiers>
</Entity>