<?xml version = '1.0' encoding = 'UTF-8'?>
<Entity class="oracle.dbtools.crest.model.design.logical.Entity" directorySegmentName="seg_0" id="7575C88C-71A8-42C0-177C-7BBD7771689E" name="Funcionários">
<createdBy>logonrmlocal</createdBy>
<createdTime>2020-03-09 14:10:08 UTC</createdTime>
<ownerDesignName>Aula0903</ownerDesignName>
<engineerTo>
<item key="0FA25F4C-42B8-D907-FC61-9AB16911B6F7" value="true"/>
</engineerTo>
<adequatelyNormalized>NO</adequatelyNormalized>
<expectedVolumes>0</expectedVolumes>
<fwdEngineeringStrategyName>Single Table</fwdEngineeringStrategyName>
<growthPercent>0</growthPercent>
<growthType>Year</growthType>
<maxVolumes>9999999</maxVolumes>
<minVolumes>0</minVolumes>
<normalForm>Third</normalForm>
<attributes itemClass="oracle.dbtools.crest.model.design.logical.Attribute">
<Attribute name="cod_funcionario" id="E08A6E1B-A8C9-517B-1812-310C98F975C9">
<createdBy>logonrmlocal</createdBy>
<createdTime>2020-03-09 14:12:08 UTC</createdTime>
<ownerDesignName>Aula0903</ownerDesignName>
<engineerTo>
<item key="0FA25F4C-42B8-D907-FC61-9AB16911B6F7" value="true"/>
</engineerTo>
<use>0</use>
<ownDataTypeParameters>,,</ownDataTypeParameters>
</Attribute>
<Attribute name="pri_nome" id="2DC376E6-CD99-28F0-3319-182A090019F3">
<createdBy>logonrmlocal</createdBy>
<createdTime>2020-03-09 14:13:47 UTC</createdTime>
<ownerDesignName>Aula0903</ownerDesignName>
<engineerTo>
<item key="0FA25F4C-42B8-D907-FC61-9AB16911B6F7" value="true"/>
</engineerTo>
<use>0</use>
<ownDataTypeParameters>,,</ownDataTypeParameters>
</Attribute>
<Attribute name="ult_nome" id="E9F2BF39-A7C7-DCE9-ADDF-6B3EC1FA077A">
<createdBy>logonrmlocal</createdBy>
<createdTime>2020-03-09 14:18:22 UTC</createdTime>
<ownerDesignName>Aula0903</ownerDesignName>
<engineerTo>
<item key="0FA25F4C-42B8-D907-FC61-9AB16911B6F7" value="true"/>
</engineerTo>
<use>0</use>
<ownDataTypeParameters>,,</ownDataTypeParameters>
</Attribute>
<Attribute name="salario" id="E12EF201-8437-24F3-4069-94A02AB5BC12">
<createdBy>logonrmlocal</createdBy>
<createdTime>2020-03-09 14:13:55 UTC</createdTime>
<ownerDesignName>Aula0903</ownerDesignName>
<engineerTo>
<item key="0FA25F4C-42B8-D907-FC61-9AB16911B6F7" value="true"/>
</engineerTo>
<nullsAllowed>true</nullsAllowed>
<use>0</use>
<ownDataTypeParameters>,,</ownDataTypeParameters>
</Attribute>
<Attribute name="cod_depto" id="7D1E88EB-DA31-DC24-B128-3D5A45B55890">
<createdBy>logonrmlocal</createdBy>
<createdTime>2020-03-09 14:24:21 UTC</createdTime>
<generatorID>42397E2D-A975-B23B-315C-68FABB88F46F</generatorID>
<ownerDesignName>Aula0903</ownerDesignName>
<engineerTo>
<item key="0FA25F4C-42B8-D907-FC61-9AB16911B6F7" value="true"/>
</engineerTo>
<referedAttribute>DC7EE2BC-EBC4-7423-76C4-2A579E9469E0</referedAttribute>
<use>0</use>
<ownDataTypeParameters>,,</ownDataTypeParameters>
</Attribute>
</attributes>
<identifiers itemClass="oracle.dbtools.crest.model.design.logical.CandidateKey">
<identifier id="19C44597-D764-6281-1C05-CC0BDF175EF8" name="Funcionários PK">
<createdBy>logonrmlocal</createdBy>
<createdTime>2020-03-09 14:12:51 UTC</createdTime>
<ownerDesignName>Aula0903</ownerDesignName>
<engineerTo>
<item key="0FA25F4C-42B8-D907-FC61-9AB16911B6F7" value="true"/>
</engineerTo>
<pk>true</pk>
<usedAttributes>
<attributeRef>E08A6E1B-A8C9-517B-1812-310C98F975C9</attributeRef>
</usedAttributes>
</identifier>
</identifiers>
</Entity>